"--large-name14--","createSetupIv2(String,String,SnapshotFormat,long,Map<Integer,Long>,Map<Integer,Long>,Map<Integer,Map<Integer,Pair<Long,Long>>>,String,SystemProcedureExecutionContext,VoltTable,Map<String,Map<Integer,Pair<Long,Long>>>,Map<Integer,Long>,SiteTracker,HashinatorSnapshotData,long)"
"--large-name25--","createFileBasedCompletionTasks(String,String,long,Map<Integer,Long>,Map<Integer,Map<Integer,Pair<Long,Long>>>,SystemProcedureExecutionContext,Map<String,Map<Integer,Pair<Long,Long>>>,Map<Integer,Pair<Long,Long>>,HashinatorSnapshotData,long,int)"
"--large-name19--","createSetupInternal(String,String,long,Map<Integer,Long>,Map<Integer,Long>,Map<Integer,Map<Integer,Pair<Long,Long>>>,JSONObject,SystemProcedureExecutionContext,VoltTable,Map<String,Map<Integer,Pair<Long,Long>>>,Map<Integer,Long>,SiteTracker,HashinatorSnapshotData,long,int)"
"--large-name40--","createDeferredSetup(String,String,Table[],long,Map<Integer,Long>,Map<Integer,Map<Integer,DRLogSegmentId>>,SystemProcedureExecutionContext,Map<String,Map<Integer,Pair<Long,Long>>>,Map<Integer,TupleStreamStateInfo>,long,AtomicInteger,SnapshotRegistry.Snapshot,ArrayList<SnapshotTableTask>,ArrayList<SnapshotTableTask>)"
"--large-name12--","coalesceTruncationSnapshotPlan(String,String,long,Map<Integer,Long>,Map<Integer,Long>,Map<Integer,Map<Integer,Long>>,JSONObject,SystemProcedureExecutionContext,VoltTable,Map<String,Map<Integer,Pair<Long,Long>>>,SiteTracker,HashinatorSnapshotData,long,int)"
"--large-name1--","run(long,String,String,String,String,String,String,String,String,String,String,String,String,String,String,String,String,String,String,String,String,String,String,String,String,String,String,String,String,String,String,String,String,String,String,String,String,String,String,String,String,String)"
"--large-name33--","createDeferredSetup(String,String,Table[],long,Map<Integer,Long>,Map<Integer,Map<Integer,DRLogSegmentId>>,SystemProcedureExecutionContext,Map<String,Map<Integer,Pair<Long,Long>>>,Map<Integer,DRLogSegmentId>,long,AtomicInteger,SnapshotRegistry.Snapshot,ArrayList<SnapshotTableTask>,ArrayList<SnapshotTableTask>)"
"--large-name41--","createSetup(String,String,long,Map<Integer,Long>,Map<Integer,Map<Integer,DRLogSegmentId>>,JSONObject,SystemProcedureExecutionContext,VoltTable,Map<String,Map<Integer,Pair<Long,Long>>>,Map<Integer,TupleStreamStateInfo>,SiteTracker,HashinatorSnapshotData,long)"
"--large-name20--","coalesceTruncationSnapshotPlan(String,String,long,Map<Integer,Long>,Map<Integer,Long>,Map<Integer,Map<Integer,Pair<Long,Long>>>,JSONObject,SystemProcedureExecutionContext,VoltTable,Map<String,Map<Integer,Pair<Long,Long>>>,Map<Integer,Long>,SiteTracker,HashinatorSnapshotData,long,int)"
"--large-name8--","createSetupIv2(String,String,SnapshotFormat,long,Map<Integer,Long>,Map<Integer,Long>,Map<Integer,Map<Integer,Long>>,String,SystemProcedureExecutionContext,VoltTable,Map<String,Map<Integer,Pair<Long,Long>>>,SiteTracker,HashinatorSnapshotData,long)"
"--large-name42--","createDeferredSetup(String,String,long,Map<Integer,Long>,Map<Integer,Map<Integer,DRLogSegmentId>>,SystemProcedureExecutionContext,Map<String,Map<Integer,Pair<Long,Long>>>,Map<Integer,TupleStreamStateInfo>,SiteTracker,HashinatorSnapshotData,long,int,Table[],SnapshotRegistry.Snapshot,ArrayList<SnapshotTableTask>,ArrayList<SnapshotTableTask>,boolean)"
"--large-name27--","coalesceTruncationSnapshotPlan(String,String,long,Map<Integer,Long>,Map<Integer,Map<Integer,Pair<Long,Long>>>,JSONObject,SystemProcedureExecutionContext,VoltTable,Map<String,Map<Integer,Pair<Long,Long>>>,Map<Integer,Pair<Long,Long>>,SiteTracker,HashinatorSnapshotData,long,int)"
"--large-name48--","createDeferredSetup(String,String,String,long,Map<Integer,Long>,SystemProcedureExecutionContext,ExtensibleSnapshotDigestData,SiteTracker,HashinatorSnapshotData,long,int,Table[],SnapshotRegistry.Snapshot,ArrayList<SnapshotTableTask>,ArrayList<SnapshotTableTask>,boolean)"
"--large-name47--","createDeferredSetup(String,String,long,Map<Integer,Long>,SystemProcedureExecutionContext,ExtensibleSnapshotDigestData,SiteTracker,HashinatorSnapshotData,long,int,Table[],SnapshotRegistry.Snapshot,ArrayList<SnapshotTableTask>,ArrayList<SnapshotTableTask>,boolean)"
"--large-name2--","run(int,String,String,String,String,String,String,String,String,String,String,String,String,String,String,String,String,String,String,String,String,String,String,String,String,String,String,String,String,String,String,String,String,String,String,String,String,String,String,String,String,String)"
"--large-name6--","createDeferredSetup(String,String,long,Map<Integer,Long>,Map<Integer,Long>,SystemProcedureExecutionContext,Map<String,Map<Integer,Pair<Long,Long>>>,long,AtomicInteger,SnapshotRegistry.Snapshot,ArrayList<SnapshotTableTask>,ArrayList<SnapshotTableTask>)"
"--large-name5--","createDeferredSetup(String,String,long,Map<Integer,Long>,SystemProcedureExecutionContext,Map<String,Map<Integer,Pair<Long,Long>>>,SiteTracker,HashinatorSnapshotData,long,int,List<Table>,SnapshotRegistry.Snapshot,ArrayList<SnapshotTableTask>,ArrayList<SnapshotTableTask>)"
"--large-name16--","createSetup(String,String,long,Map<Integer,Long>,Map<Integer,Long>,Map<Integer,Map<Integer,Pair<Long,Long>>>,JSONObject,SystemProcedureExecutionContext,VoltTable,Map<String,Map<Integer,Pair<Long,Long>>>,Map<Integer,Long>,SiteTracker,HashinatorSnapshotData,long)"
"--large-name49--","createDeferredSetup(String,String,long,Map<Integer,Long>,SystemProcedureExecutionContext,VoltTable,Map<String,Map<Integer,Pair<Long,Long>>>,long,AtomicInteger,SnapshotRegistry.Snapshot,ArrayList<SnapshotTableTask>,ArrayList<SnapshotTableTask>)"
"--large-name26--","createSetupInternal(String,String,long,Map<Integer,Long>,Map<Integer,Map<Integer,Pair<Long,Long>>>,JSONObject,SystemProcedureExecutionContext,VoltTable,Map<String,Map<Integer,Pair<Long,Long>>>,Map<Integer,Pair<Long,Long>>,SiteTracker,HashinatorSnapshotData,long,int)"
"--large-name31--","createFileBasedCompletionTasks(String,String,long,Map<Integer,Long>,Map<Integer,Map<Integer,Pair<Long,Long>>>,SystemProcedureExecutionContext,Map<String,Map<Integer,Pair<Long,Long>>>,Map<Integer,Pair<Long,Long>>,HashinatorSnapshotData,long,int,Table[])"
"--large-name10--","createDeferredSetup(String,String,long,Map<Integer,Long>,Map<Integer,Long>,Map<Integer,Map<Integer,Long>>,SystemProcedureExecutionContext,Map<String,Map<Integer,Pair<Long,Long>>>,SiteTracker,HashinatorSnapshotData,long,int,List<Table>,SnapshotRegistry.Snapshot,ArrayList<SnapshotTableTask>,ArrayList<SnapshotTableTask>)"
"--large-name36--","createFileBasedCompletionTasks(String,String,long,Map<Integer,Long>,Map<Integer,Map<Integer,DRLogSegmentId>>,SystemProcedureExecutionContext,Map<String,Map<Integer,Pair<Long,Long>>>,Map<Integer,DRLogSegmentId>,HashinatorSnapshotData,long,int,Table[])"
"--large-name11--","createSetupInternal(String,String,long,Map<Integer,Long>,Map<Integer,Long>,Map<Integer,Map<Integer,Long>>,JSONObject,SystemProcedureExecutionContext,VoltTable,Map<String,Map<Integer,Pair<Long,Long>>>,SiteTracker,HashinatorSnapshotData,long,int)"
"--large-name30--","createDeferredSetup(String,String,Table[],long,Map<Integer,Long>,Map<Integer,Map<Integer,Pair<Long,Long>>>,SystemProcedureExecutionContext,Map<String,Map<Integer,Pair<Long,Long>>>,Map<Integer,Pair<Long,Long>>,long,AtomicInteger,SnapshotRegistry.Snapshot,ArrayList<SnapshotTableTask>,ArrayList<SnapshotTableTask>)"
"--large-name13--","createDeferredSetup(String,String,long,Map<Integer,Long>,Map<Integer,Long>,Map<Integer,Map<Integer,Long>>,SystemProcedureExecutionContext,Map<String,Map<Integer,Pair<Long,Long>>>,SiteTracker,HashinatorSnapshotData,long,int,Table[],SnapshotRegistry.Snapshot,ArrayList<SnapshotTableTask>,ArrayList<SnapshotTableTask>)"
"--large-name34--","createSetup(String,String,long,Map<Integer,Long>,Map<Integer,Map<Integer,DRLogSegmentId>>,JSONObject,SystemProcedureExecutionContext,VoltTable,Map<String,Map<Integer,Pair<Long,Long>>>,Map<Integer,DRLogSegmentId>,SiteTracker,HashinatorSnapshotData,long)"
"--large-name9--","createDeferredSetup(String,String,long,Map<Integer,Long>,Map<Integer,Long>,Map<Integer,Map<Integer,Long>>,SystemProcedureExecutionContext,Map<String,Map<Integer,Pair<Long,Long>>>,long,AtomicInteger,SnapshotRegistry.Snapshot,ArrayList<SnapshotTableTask>,ArrayList<SnapshotTableTask>)"
"--large-name45--","coalesceTruncationSnapshotPlan(String,String,long,Map<Integer,Long>,Map<Integer,Map<Integer,DRLogSegmentId>>,SystemProcedureExecutionContext,VoltTable,Map<String,Map<Integer,Pair<Long,Long>>>,Map<Integer,TupleStreamStateInfo>,SiteTracker,HashinatorSnapshotData,long,int)"
"--large-name21--","createSetupIv2(String,String,SnapshotFormat,long,Map<Integer,Long>,Map<Integer,Map<Integer,Pair<Long,Long>>>,String,SystemProcedureExecutionContext,VoltTable,Map<String,Map<Integer,Pair<Long,Long>>>,Map<Integer,Pair<Long,Long>>,SiteTracker,HashinatorSnapshotData,long)"
"--large-name39--","createSetupIv2(String,String,SnapshotFormat,long,Map<Integer,Long>,Map<Integer,Map<Integer,DRLogSegmentId>>,JSONObject,SystemProcedureExecutionContext,VoltTable,Map<String,Map<Integer,Pair<Long,Long>>>,Map<Integer,TupleStreamStateInfo>,SiteTracker,HashinatorSnapshotData,long)"
"--large-name29--","createDeferredSetup(String,String,long,Map<Integer,Long>,Map<Integer,Map<Integer,Pair<Long,Long>>>,SystemProcedureExecutionContext,Map<String,Map<Integer,Pair<Long,Long>>>,Map<Integer,Pair<Long,Long>>,SiteTracker,HashinatorSnapshotData,long,int,Table[],SnapshotRegistry.Snapshot,ArrayList<SnapshotTableTask>,ArrayList<SnapshotTableTask>,boolean)"
"--large-name35--","createDeferredSetup(String,String,long,Map<Integer,Long>,Map<Integer,Map<Integer,DRLogSegmentId>>,SystemProcedureExecutionContext,Map<String,Map<Integer,Pair<Long,Long>>>,Map<Integer,DRLogSegmentId>,SiteTracker,HashinatorSnapshotData,long,int,Table[],SnapshotRegistry.Snapshot,ArrayList<SnapshotTableTask>,ArrayList<SnapshotTableTask>,boolean)"
"--large-name44--","createSetupInternal(String,String,long,Map<Integer,Long>,Map<Integer,Map<Integer,DRLogSegmentId>>,JSONObject,SystemProcedureExecutionContext,VoltTable,Map<String,Map<Integer,Pair<Long,Long>>>,Map<Integer,TupleStreamStateInfo>,SiteTracker,HashinatorSnapshotData,long,int)"
"--large-name50--","createDeferredSetup(String,String,long,Map<Integer,Long>,SystemProcedureExecutionContext,String,VoltTable,Map<String,Map<Integer,Pair<Long,Long>>>,SiteTracker,HashinatorSnapshotData,long,int,List<Table>,SnapshotRegistry.Snapshot,ArrayList<SnapshotTableTask>,ArrayList<SnapshotTableTask>)"
"--large-name32--","createSetupIv2(String,String,SnapshotFormat,long,Map<Integer,Long>,Map<Integer,Map<Integer,DRLogSegmentId>>,String,SystemProcedureExecutionContext,VoltTable,Map<String,Map<Integer,Pair<Long,Long>>>,Map<Integer,DRLogSegmentId>,SiteTracker,HashinatorSnapshotData,long)"
"--large-name18--","createFileBasedCompletionTasks(String,String,long,Map<Integer,Long>,Map<Integer,Long>,Map<Integer,Map<Integer,Pair<Long,Long>>>,SystemProcedureExecutionContext,Map<String,Map<Integer,Pair<Long,Long>>>,Map<Integer,Long>,HashinatorSnapshotData,long,int)"
"--large-name28--","coalesceTruncationSnapshotPlan(String,String,long,Map<Integer,Long>,Map<Integer,Map<Integer,Pair<Long,Long>>>,SystemProcedureExecutionContext,VoltTable,Map<String,Map<Integer,Pair<Long,Long>>>,Map<Integer,Pair<Long,Long>>,SiteTracker,HashinatorSnapshotData,long,int)"
"--large-name15--","createDeferredSetup(String,String,long,Map<Integer,Long>,Map<Integer,Long>,Map<Integer,Map<Integer,Pair<Long,Long>>>,SystemProcedureExecutionContext,Map<String,Map<Integer,Pair<Long,Long>>>,Map<Integer,Long>,long,AtomicInteger,SnapshotRegistry.Snapshot,ArrayList<SnapshotTableTask>,ArrayList<SnapshotTableTask>)"
"--large-name23--","createSetup(String,String,long,Map<Integer,Long>,Map<Integer,Map<Integer,Pair<Long,Long>>>,JSONObject,SystemProcedureExecutionContext,VoltTable,Map<String,Map<Integer,Pair<Long,Long>>>,Map<Integer,Pair<Long,Long>>,SiteTracker,HashinatorSnapshotData,long)"
"--large-name7--","createDeferredSetup(String,String,long,Map<Integer,Long>,Map<Integer,Long>,SystemProcedureExecutionContext,Map<String,Map<Integer,Pair<Long,Long>>>,SiteTracker,HashinatorSnapshotData,long,int,List<Table>,SnapshotRegistry.Snapshot,ArrayList<SnapshotTableTask>,ArrayList<SnapshotTableTask>)"
"--large-name3--","run(String,String,String,String,String,String,String,String,String,String,String,String,String,String,String,String,String,String,String,String,String,String,String,String,String,String,String,String,String,String,String,String,String,String,String,String,String,String,String,String,String,String,String,String,String,String,String,String,String,String,String)"
"--large-name37--","createSetupInternal(String,String,long,Map<Integer,Long>,Map<Integer,Map<Integer,DRLogSegmentId>>,JSONObject,SystemProcedureExecutionContext,VoltTable,Map<String,Map<Integer,Pair<Long,Long>>>,Map<Integer,DRLogSegmentId>,SiteTracker,HashinatorSnapshotData,long,int)"
"--large-name24--","createDeferredSetup(String,String,long,Map<Integer,Long>,Map<Integer,Map<Integer,Pair<Long,Long>>>,SystemProcedureExecutionContext,Map<String,Map<Integer,Pair<Long,Long>>>,Map<Integer,Pair<Long,Long>>,SiteTracker,HashinatorSnapshotData,long,int,Table[],SnapshotRegistry.Snapshot,ArrayList<SnapshotTableTask>,ArrayList<SnapshotTableTask>)"
"--large-name38--","coalesceTruncationSnapshotPlan(String,String,long,Map<Integer,Long>,Map<Integer,Map<Integer,DRLogSegmentId>>,SystemProcedureExecutionContext,VoltTable,Map<String,Map<Integer,Pair<Long,Long>>>,Map<Integer,DRLogSegmentId>,SiteTracker,HashinatorSnapshotData,long,int)"
"--large-name43--","createFileBasedCompletionTasks(String,String,long,Map<Integer,Long>,Map<Integer,Map<Integer,DRLogSegmentId>>,SystemProcedureExecutionContext,Map<String,Map<Integer,Pair<Long,Long>>>,Map<Integer,TupleStreamStateInfo>,HashinatorSnapshotData,long,int,Table[])"
"--large-name22--","createDeferredSetup(String,String,long,Map<Integer,Long>,Map<Integer,Map<Integer,Pair<Long,Long>>>,SystemProcedureExecutionContext,Map<String,Map<Integer,Pair<Long,Long>>>,Map<Integer,Pair<Long,Long>>,long,AtomicInteger,SnapshotRegistry.Snapshot,ArrayList<SnapshotTableTask>,ArrayList<SnapshotTableTask>)"
"--large-name46--","SafeAtomicHelper(AtomicReferenceFieldUpdater<Waiter,Thread>,AtomicReferenceFieldUpdater<Waiter,Waiter>,AtomicReferenceFieldUpdater<AbstractFuture,Waiter>,AtomicReferenceFieldUpdater<AbstractFuture,Listener>,AtomicReferenceFieldUpdater<AbstractFuture,Object>)"
"--large-name4--","callProcedure(org.voltdb.client.Client,int,String,String,String,String,String,String,String,String,String,String,String,String,String,String,String,String,String,String,String,String,String,String,String,String,String,String,String,String,String,String,String,String,String,String)"
"--large-name17--","createDeferredSetup(String,String,long,Map<Integer,Long>,Map<Integer,Long>,Map<Integer,Map<Integer,Pair<Long,Long>>>,SystemProcedureExecutionContext,Map<String,Map<Integer,Pair<Long,Long>>>,Map<Integer,Long>,SiteTracker,HashinatorSnapshotData,long,int,Table[],SnapshotRegistry.Snapshot,ArrayList<SnapshotTableTask>,ArrayList<SnapshotTableTask>)"